<?xml version="1.0" encoding="UTF-8"?>
<project-private xmlns="http://www.netbeans.org/ns/project-private/1">
    <editor-bookmarks xmlns="http://www.netbeans.org/ns/editor-bookmarks/2" lastBookmarkId="0"/>
    <open-files xmlns="http://www.netbeans.org/ns/projectui-open-files/2">
        <group>
            <file>file:/C:/Users/Alumno/Desktop/Estudios/Programacion-de-Servicios-y-Procesos/Tema%202/U2Actividades_Autoevaluables/src/psp/u2/A3_Inversa2.java</file>
            <file>file:/C:/Users/Alumno/Desktop/Estudios/Programacion-de-Servicios-y-Procesos/Tema%202/U2Actividades_Autoevaluables/src/psp/u2/A3_Inversa.java</file>
            <file>file:/C:/Users/Alumno/Desktop/Estudios/Programacion-de-Servicios-y-Procesos/Tema%202/U2Actividades_Autoevaluables/src/psp/u2/A5_Argumentos.java</file>
            <file>file:/C:/Users/Alumno/Desktop/Estudios/Programacion-de-Servicios-y-Procesos/Tema%202/U2Actividades_Autoevaluables/src/psp/u2/A3_Inversa1.java</file>
            <file>file:/C:/Users/Alumno/Desktop/Estudios/Programacion-de-Servicios-y-Procesos/Tema%202/U2Actividades_Autoevaluables/src/psp/u2/A5_Argumentos1.java</file>
        </group>
    </open-files>
</project-private>
