<?xml version="1.0" encoding="UTF-8"?>
<project-private xmlns="http://www.netbeans.org/ns/project-private/1">
    <editor-bookmarks xmlns="http://www.netbeans.org/ns/editor-bookmarks/2" lastBookmarkId="0"/>
    <open-files xmlns="http://www.netbeans.org/ns/projectui-open-files/2">
        <group>
            <file>file:/C:/Users/Sergio/Desktop/Estudios/Programacion-de-Servicios-y-Procesos/Ejercicios%20de%20repaso/Ejercicio6/src/clases/Persona.java</file>
            <file>file:/C:/Users/Sergio/Desktop/Estudios/Programacion-de-Servicios-y-Procesos/Ejercicios%20de%20repaso/Ejercicio6/src/clases/Empleado.java</file>
            <file>file:/C:/Users/Sergio/Desktop/Estudios/Programacion-de-Servicios-y-Procesos/Ejercicios%20de%20repaso/Ejercicio6/src/ejercicio6/Ejercicio6.java</file>
        </group>
    </open-files>
</project-private>
